search,count,withFilterCount,totalPercent
carousel,6,0,0.0019821605550049554
selectoptionprops,2,0,0.0006607201850016518
storybook,2,0,0.0006607201850016518
gauge,2,0,0.0006607201850016518
getuniqueid,2,0,0.0006607201850016518
formtextar,1,0,0.0003303600925008259
keydown,1,0,0.0003303600925008259
thumnn,1,0,0.0003303600925008259
stringsmapinput,1,0,0.0003303600925008259
shadcn,1,0,0.0003303600925008259
propprogressvariant,1,0,0.0003303600925008259
tutiruak,1,0,0.0003303600925008259
basedropdown,1,0,0.0003303600925008259
numberspinner,1,0,0.0003303600925008259
דפ,1,0,0.0003303600925008259
masterlogo,1,0,0.0003303600925008259
inventorytable,1,0,0.0003303600925008259
alignmentbaseline,1,0,0.0003303600925008259
chatbottextinput,1,0,0.0003303600925008259
withdialogs,1,0,0.0003303600925008259
typeaheadmulti,1,0,0.0003303600925008259
onopenchangekeys,1,0,0.0003303600925008259
kjhkkj,1,0,0.0003303600925008259
mulberry,1,0,0.0003303600925008259
pageprops\,1,0,0.0003303600925008259
ᄂᄃᄆᄀ,1,0,0.0003303600925008259
штзге,1,0,0.0003303600925008259
니ᅣᄋᄃᄀ,1,0,0.0003303600925008259
ai.gif,1,0,0.0003303600925008259
carosouel,1,0,0.0003303600925008259
experimental,1,0,0.0003303600925008259
cannottablecomposable,1,0,0.0003303600925008259
ᄋᄆᄉᄃ,1,0,0.0003303600925008259
onblur,1,0,0.0003303600925008259
carsouel,1,0,0.0003303600925008259
epfo caplet,1,0,0.0003303600925008259
exclamationcircleicon,1,0,0.0003303600925008259
tablelayou,1,0,0.0003303600925008259
formfooter,1,0,0.0003303600925008259
toolbarlabel,1,0,0.0003303600925008259
caretdown,1,0,0.0003303600925008259
flyoutprops,1,0,0.0003303600925008259
db,1,0,0.0003303600925008259
nt,1,0,0.0003303600925008259
pensquareicon,1,0,0.0003303600925008259
mutted,1,0,0.0003303600925008259
#132b50,1,0,0.0003303600925008259
navbar,1,0,0.0003303600925008259
ctablecomposable,1,0,0.0003303600925008259
contentvariant,1,0,0.0003303600925008259
boldtable,1,0,0.0003303600925008259
formpanel,1,0,0.0003303600925008259
cgary,1,0,0.0003303600925008259
auselect,1,0,0.0003303600925008259
typeaheadselectoption[],1,0,0.0003303600925008259
sleev,1,0,0.0003303600925008259
bisvle,1,0,0.0003303600925008259
xdg,1,0,0.0003303600925008259
dwqwwqd,1,0,0.0003303600925008259
"radar,",1,0,0.0003303600925008259
thumbnails,1,0,0.0003303600925008259
gakker,1,0,0.0003303600925008259
โฟ,1,0,0.0003303600925008259
cantablecomposable,1,0,0.0003303600925008259
treenod,1,0,0.0003303600925008259
tableindexpa,1,0,0.0003303600925008259
chevronlefticon,1,0,0.0003303600925008259
ㄘㄟ,1,0,0.0003303600925008259
catrouse,1,0,0.0003303600925008259
дщ,1,0,0.0003303600925008259
collapsecolumn,1,0,0.0003303600925008259
newsletter,1,0,0.0003303600925008259
kccinsti,1,0,0.0003303600925008259
204d)),1,0,0.0003303600925008259
hasgutter======,1,0,0.0003303600925008259
borderbottomcolor,1,0,0.0003303600925008259
'pficonpending'.,1,0,0.0003303600925008259
vulnerability,1,0,0.0003303600925008259
optionalformgroup,1,0,0.0003303600925008259
卡片,1,0,0.0003303600925008259
propertprogressvariant,1,0,0.0003303600925008259
masterh,1,0,0.0003303600925008259
"onboard ",1,0,0.0003303600925008259
portal,1,0,0.0003303600925008259
propertyprogressvariant,1,0,0.0003303600925008259
pageheadertools,1,0,0.0003303600925008259
arrowsprops,1,0,0.0003303600925008259
nyk=,1,0,0.0003303600925008259
"kcc institute ",1,0,0.0003303600925008259
" iso8601",1,0,0.0003303600925008259
kk,1,0,0.0003303600925008259
reactbase,1,0,0.0003303600925008259
logsmodal,1,0,0.0003303600925008259
hasgu,1,0,0.0003303600925008259
sngler,1,0,0.0003303600925008259
tablecomposable,1,0,0.0003303600925008259
connectedicon,1,0,0.0003303600925008259
dashboardwrapper,1,0,0.0003303600925008259
у,1,0,0.0003303600925008259
collap[,1,0,0.0003303600925008259
mason,1,0,0.0003303600925008259
cjecl,1,0,0.0003303600925008259
preflight,1,0,0.0003303600925008259
formtextarea,1,0,0.0003303600925008259
madol,1,0,0.0003303600925008259
anglerighticon,1,0,0.0003303600925008259
ыздше,1,0,0.0003303600925008259
heklop,1,0,0.0003303600925008259
helpertexticon,1,0,0.0003303600925008259
containernodeicon,1,0,0.0003303600925008259
#00af58,1,0,0.0003303600925008259
#happybirthdaykajalagarwal,1,0,0.0003303600925008259
carsousel,1,0,0.0003303600925008259
muted,1,0,0.0003303600925008259
kmkjk,1,0,0.0003303600925008259
iconclassn,1,0,0.0003303600925008259
externallinksquarealticon,1,0,0.0003303600925008259
"burron ",1,0,0.0003303600925008259
selectoptionobject,1,0,0.0003303600925008259
hasgutter,1,0,0.0003303600925008259
#happybirthdaykajal,1,0,0.0003303600925008259
selectoptionporp,1,0,0.0003303600925008259
togledropdown,1,0,0.0003303600925008259
екуу,1,0,0.0003303600925008259